0,1,2,3,4,5,6,Year,7
1990 American League Team Standings,1990 American League Team Standings,1990 American League Team Standings,1990 American League Team Standings,1990 American League Team Standings,1990 American League Team Standings,1990 American League Team Standings,1990,
East,Team [Click for roster],Wins,Losses,WP,GB,Payroll,1990,
East,Boston Red Sox,88,74,.543,0,"$21,843,333",1990,
East,Toronto Blue Jays,86,76,.531,2,"$16,231,854",1990,
East,Detroit Tigers,79,83,.488,9,"$18,248,738",1990,
East,Cleveland Indians,77,85,.475,11,"$13,820,000",1990,
East,Baltimore Orioles,76,85,.472,11½,"$7,985,584",1990,
East,Milwaukee Brewers,74,88,.457,14,"$18,196,667",1990,
East,New York Yankees,67,95,.414,21,"$19,339,816",1990,
West,Team [Click for roster],Wins,Losses,WP,GB,Payroll,1990,
West,Oakland Athletics,103,59,.636,0,"$21,785,040",1990,
West,Chicago White Sox,94,68,.580,9,"$9,843,529",1990,
West,Texas Rangers,83,79,.512,20,"$12,617,333",1990,
West,California Angels,80,82,.494,23,"$21,391,152",1990,
West,Seattle Mariners,77,85,.475,26,"$11,918,167",1990,
West,Kansas City Royals,75,86,.466,27½,"$23,197,845",1990,
West,Minnesota Twins,74,88,.457,29,"$13,528,000",1990,
American League Team Standings,American League Team Standings,American League Team Standings,American League Team Standings,American League Team Standings,American League Team Standings,American League Team Standings,1990,
1991 American League Standings 1991 All-Star Game | 1991 A.L. Final Standings | 1991 World Series,1991 American League Standings 1991 All-Star Game | 1991 A.L. Final Standings | 1991 World Series,1991 American League Standings 1991 All-Star Game | 1991 A.L. Final Standings | 1991 World Series,1991 American League Standings 1991 All-Star Game | 1991 A.L. Final Standings | 1991 World Series,1991 American League Standings 1991 All-Star Game | 1991 A.L. Final Standings | 1991 World Series,1991 American League Standings 1991 All-Star Game | 1991 A.L. Final Standings | 1991 World Series,1991 American League Standings 1991 All-Star Game | 1991 A.L. Final Standings | 1991 World Series,1991,
East,Team | Roster,W,L,WP,GB,Payroll,1991,
East,Toronto Blue Jays,91,71,.562,0,"$31,016,809",1991,
East,Detroit Tigers,84,78,.519,7,"$24,169,179",1991,
East,Boston Red Sox,84,78,.519,7,"$35,501,537",1991,
East,Milwaukee Brewers,83,79,.512,8,"$23,771,616",1991,
East,New York Yankees,71,91,.438,20,"$31,390,000",1991,
East,Baltimore Orioles,67,95,.414,24,"$14,396,669",1991,
East,Cleveland Indians,57,105,.352,34,"$13,133,428",1991,
West,Team | Roster,W,L,WP,GB,Payroll,1991,
West,Minnesota Twins,95,67,.586,0,"$22,514,814",1991,
West,Chicago White Sox,87,75,.537,8,"$16,694,979",1991,
West,Texas Rangers,85,77,.525,10,"$22,525,314",1991,
West,Oakland Athletics,84,78,.519,11,"$39,906,167",1991,
West,Seattle Mariners,83,79,.512,12,"$16,431,833",1991,
West,Kansas City Royals,82,80,.506,13,"$31,117,661",1991,
West,California Angels,81,81,.500,14,"$31,996,561",1991,
A.L.,Team | Roster,W,L,WP,GB,Payroll,1991,
1991 American League Team Standings,1991 American League Team Standings,1991 American League Team Standings,1991 American League Team Standings,1991 American League Team Standings,1991 American League Team Standings,1991 American League Team Standings,1991,
1992 American League Team Standings,1992 American League Team Standings,1992 American League Team Standings,1992 American League Team Standings,1992 American League Team Standings,1992 American League Team Standings,1992 American League Team Standings,1992,
East,Team [Click for roster],Wins,Losses,WP,GB,Payroll,1992,
East,Toronto Blue Jays,96,66,.593,0,"$48,991,840",1992,
East,Milwaukee Brewers,92,70,.568,4,"$29,849,670",1992,
East,Baltimore Orioles,89,73,.549,7,"$23,023,330",1992,
East,New York Yankees,76,86,.469,20,"$34,789,500",1992,
East,Cleveland indians,76,86,.469,20,"$8,399,711",1992,
East,Detroit Tigers,75,87,.463,21,"$29,479,830",1992,
East,Boston Red Sox,73,89,.451,23,"$41,887,250",1992,
West,Team [Click for roster],Wins,Losses,WP,GB,Payroll,1992,
West,Oakland Athletics,96,66,.593,0,"$47,372,810",1992,
West,Minnesota Twins,90,72,.556,6,"$26,222,830",1992,
West,Chicago White Sox,86,76,.531,10,"$29,524,500",1992,
West,Texas Rangers,77,85,.475,19,"$25,323,000",1992,
West,Kansas City Royals,72,90,.444,24,"$30,248,830",1992,
West,California Angels,72,90,.444,24,"$26,343,670",1992,
West,Seattle Mariners,64,98,.395,32,"$23,831,330",1992,
American League Team Standings,American League Team Standings,American League Team Standings,American League Team Standings,American League Team Standings,American League Team Standings,American League Team Standings,1992,
1993 American League Team Standings,1993 American League Team Standings,1993 American League Team Standings,1993 American League Team Standings,1993 American League Team Standings,1993 American League Team Standings,1993 American League Team Standings,1993,
East,Team [Click for roster],Wins,Losses,WP,GB,Payroll,1993,
East,Toronto Blue Jays,95,67,.586,0,"$51,935,034",1993,
East,New York Yankees,88,74,.543,7,"$46,588,791",1993,
East,Baltimore Orioles,85,77,.525,10,"$29,253,066",1993,
East,Detroit Tigers,85,77,.525,10,"$38,038,498",1993,
East,Boston Red Sox,80,82,.494,15,"$46,164,788",1993,
East,Cleveland Indians,76,86,.469,19,"$16,690,997",1993,
East,Milwaukee Brewers,69,93,.426,26,"$25,635,387",1993,
West,Team [Click for roster],Wins,Losses,WP,GB,Payroll,1993,
West,Chicago White Sox,94,68,.580,0,"$42,115,723",1993,
West,Texas Rangers,86,76,.531,8,"$39,959690",1993,
West,Kansas City Royals,84,78,.519,10,"$40,164,878",1993,
West,Seattle Mariners,82,80,.506,12,"$33,311,042",1993,
West,California Angels,71,91,.438,23,"$27,444,899",1993,
West,Minnesota Twins,71,91,.438,23,"$27,127,768",1993,
West,Oakland Athletics,68,94,.420,26,"$35,351,334",1993,
American League Team Standings,American League Team Standings,American League Team Standings,American League Team Standings,American League Team Standings,American League Team Standings,American League Team Standings,1993,
1994 American League Team Standings,1994 American League Team Standings,1994 American League Team Standings,1994 American League Team Standings,1994 American League Team Standings,1994 American League Team Standings,1994 American League Team Standings,1994,
East,Team [Click for roster],Wins,Losses,WP,GB,Payroll,1994,
East,New York Yankees,70,43,.619,0,"$47,512,342",1994,
East,Baltimore Orioles,63,49,.563,6½,"$38,711,487",1994,
East,Toronto Blue Jays,55,60,.478,16,"$42,265,168",1994,
East,Boston Red Sox,54,61,.470,17,"$36,337,937",1994,
East,Detroit Tigers,53,62,.461,18,"$41,118,509",1994,
Central,Team [Click for roster],Wins,Losses,WP,GB,Payroll,1994,
Central,Chicago White Sox,67,46,.593,0,"$40,144,836",1994,
Central,Cleveland Indians,66,47,.584,1,"$31,705,667",1994,
Central,Kansas City Royals,64,51,.557,4,"$40,667,375",1994,
Central,Minnesota Twins,53,60,.469,14,"$25,053,237",1994,
Central,Milwaukee Brewers,53,62,.461,15,"$24,786,857",1994,
West,Team [Click for roster],Wins,Losses,WP,GB,Payroll,1994,
West,Texas Rangers,52,62,.456,0,"$32,399,097",1994,
West,Oakland Athletics,51,63,.447,1,"$34,574,000",1994,
West,Seattle Mariners,49,63,.438,2,"$28,463,110",1994,
West,California Angels,47,68,.409,5½,"$24,528,385",1994,
American League Team Standings,American League Team Standings,American League Team Standings,American League Team Standings,American League Team Standings,American League Team Standings,American League Team Standings,1994,
1995 American League Team Standings,1995 American League Team Standings,1995 American League Team Standings,1995 American League Team Standings,1995 American League Team Standings,1995 American League Team Standings,1995 American League Team Standings,1995,
East,Team [Click for roster],Wins,Losses,WP,GB,Payroll,1995,
East,Boston Red Sox,86,58,.597,0,"$38,157,750",1995,
East,New York Yankees,79,65,.549,7,"$58,165,252",1995,
East,Baltimore Orioles,71,73,.493,15,"$48,739,636",1995,
East,Detroit Tigers,60,84,.417,26,"$28,663,667",1995,
East,Toronto Blue Jays,56,88,.389,30,"$42,233,500",1995,
Central,Team [Click for roster],Wins,Losses,WP,GB,Payroll,1995,
Central,Cleveland Indians,100,44,.694,0,"$40,180,750",1995,
Central,Kansas City Royals,70,74,.486,30,"$31,181,334",1995,
Central,Chicago White Sox,68,76,.472,32,"$40,750,782",1995,
Central,Milwaukee Brewers,65,79,.451,35,"$17,407,385",1995,
Central,Minnesota Twins,56,88,.389,44,"$15,362,750",1995,
West,Team [Click for roster],Wins,Losses,WP,GB,Payroll,1995,
West,Seattle Mariners,79,66,.545,0,"$37,984,610",1995,
West,California Angels,78,67,.538,1,"$34,702,577",1995,
West,Texas Rangers,74,70,.514,4½,"$35,888,725",1995,
West,Oakland Athletics,67,77,.465,11½,"$33,372,722",1995,
American League Team Standings,American League Team Standings,American League Team Standings,American League Team Standings,American League Team Standings,American League Team Standings,American League Team Standings,1995,
1996 American League Team Standings,1996 American League Team Standings,1996 American League Team Standings,1996 American League Team Standings,1996 American League Team Standings,1996 American League Team Standings,1996 American League Team Standings,1996,
East,Team [Click for roster],Wins,Losses,WP,GB,Payroll,1996,
East,New York Yankees,92,70,.568,0,"$61,511,870",1996,
East,Baltimore Orioles,88,74,.543,4,"$55,127,855",1996,
East,Boston Red Sox,85,77,.525,7,"$38,516,402",1996,
East,Toronto Blue Jays,74,88,.457,18,"$28,778,577",1996,
East,Detroit Tigers,53,109,.327,39,"$17,955,500",1996,
Central,Team [Click for roster],Wins,Losses,WP,GB,Payroll,1996,
Central,Cleveland Indians,99,62,.615,0,"$47,686,907",1996,
Central,Chicago White Sox,85,77,.525,14½,"$44,827,833",1996,
Central,Milwaukee Brewers,80,82,.494,19½,"$11,701,000",1996,
Central,Minnesota Twins,78,84,.484,21½,"$21,254,000",1996,
Central,Kansas City Royals,75,86,.466,24,"$19,980,250",1996,
West,Team [Click for roster],Wins,Losses,WP,GB,Payroll,1996,
West,Texas Rangers,90,72,.556,0,"$41,080,028",1996,
West,Seattle Mariners,85,76,.528,4½,"$43,131,001",1996,
West,Oakland Athletics,78,84,.481,12,"$22,524,093",1996,
West,California Angels,70,91,.435,19½,"$25,140,142",1996,
American League Team Standings,American League Team Standings,American League Team Standings,American League Team Standings,American League Team Standings,American League Team Standings,American League Team Standings,1996,
1997 American League Team Standings,1997 American League Team Standings,1997 American League Team Standings,1997 American League Team Standings,1997 American League Team Standings,1997 American League Team Standings,1997 American League Team Standings,1997,
East,Team | Roster,Wins,Losses,WP,GB,Payroll,1997,
East,Baltimore Orioles,98,64,.605,0,"$64,611,399",1997,
East,New York Yankees,96,66,.593,2,"$73,389,577",1997,
East,Detroit Tigers,79,83,.488,19,"$20,985,500",1997,
East,Boston Red Sox,78,84,.481,20,"$40,611,351",1997,
East,Toronto Blue Jays,76,86,.469,22,"$48,964,833",1997,
Central,Team | Roster,Wins,Losses,WP,GB,Payroll,1997,
Central,Cleveland Indians,86,75,.534,0,"$58,865,056",1997,
Central,Chicago White Sox,80,81,.497,6,"$41,849,500",1997,
Central,Milwaukee Brewers,78,83,.484,8,"$26,564,840",1997,
Central,Minnesota Twins,68,94,.420,18½,"$32,197,500",1997,
Central,Kansas City Royals,67,94,.416,19,"$33,868,149",1997,
West,Team | Roster,Wins,Losses,WP,GB,Payroll,1997,
West,Seattle Mariners,90,72,.556,0,"$46,298,970",1997,
West,Anaheim Angels,84,78,.519,6,"$46,684,364",1997,
West,Texas Rangers,77,85,.475,13,"$44,591,013",1997,
West,Oakland Athletics,65,97,.401,25,"$12,879,889",1997,
American League Team Standings,American League Team Standings,American League Team Standings,American League Team Standings,American League Team Standings,American League Team Standings,American League Team Standings,1997,
1998 American League Team Standings,1998 American League Team Standings,1998 American League Team Standings,1998 American League Team Standings,1998 American League Team Standings,1998 American League Team Standings,1998 American League Team Standings,1998,
East,Team [Click for roster],Wins,Losses,WP,GB,Payroll,1998,
East,New York Yankees,114,48,.704,0,"$73,963,698",1998,
East,Boston Red Sox,92,70,.568,22,"$59,547,000",1998,
East,Toronto Blue Jays,88,74,.543,26,"$37,618,500",1998,
East,Baltimore Orioles,79,83,.488,35,"$74,170,921",1998,
East,Tampa Bay Devil Rays,63,99,.389,51,"$27,645,000",1998,
Central,Team [Click for roster],Wins,Losses,WP,GB,Payroll,1998,
Central,Cleveland Indians,89,73,.549,0,"$56,843,441",1998,
Central,Chicago White Sox,80,82,.494,9,"$37,880,000",1998,
Central,Kansas City Royals,72,89,.447,16½,"$35,610,000",1998,
Central,Minnesota Twins,70,92,.432,19,"$22,027,500",1998,
Central,Detroit Tigers,65,97,.401,24,"$23,318,980",1998,
West,Team [Click for roster],Wins,Losses,WP,GB,Payroll,1998,
West,Texas Rangers,88,74,.543,0,"$62,755,368",1998,
West,Anaheim Angels,85,77,.525,3,"$54,189,000",1998,
West,Seattle Mariners,76,85,.472,11½,"$44,860,014",1998,
West,Oakland Athletics,74,88,.457,14,"$18,585,114",1998,
American League Team Standings,American League Team Standings,American League Team Standings,American League Team Standings,American League Team Standings,American League Team Standings,American League Team Standings,1998,
1999 American League Team Standings,1999 American League Team Standings,1999 American League Team Standings,1999 American League Team Standings,1999 American League Team Standings,1999 American League Team Standings,1999 American League Team Standings,1999,
East,Team [Click for roster],Wins,Losses,WP,GB,Payroll,1999,
East,New York Yankees,98,64,.605,0,"$91,990,955",1999,
East,Boston Red Sox,94,68,.580,4,"$72,330,656",1999,
East,Toronto Blue Jays,84,78,.519,14,"$48,847,300",1999,
East,Baltimore Orioles,78,84,.481,20,"$75,443,363",1999,
East,Tampa Bay Devil Rays,69,93,.426,29,"$37,860,451",1999,
Central,Team [Click for roster],Wins,Losses,WP,GB,Payroll,1999,
Central,Cleveland Indians,97,65,.599,0,"$73,531,692",1999,
Central,Chicago White Sox,75,86,.466,21½,"$24,535,000",1999,
Central,Detroit Tigers,69,92,.429,27½,"$36,954,666",1999,
Central,Kansas City Royals,64,97,.398,32½,"$16,557,000",1999,
Central,Minnesota Twins,63,97,.394,33,"$15,845,000",1999,
West,Team [Click for roster],Wins,Losses,WP,GB,Payroll,1999,
West,Texas Rangers,95,67,.586,0,"$80,801,598",1999,
West,Oakland Athletics,87,75,.537,8,"$25,208,858",1999,
West,Seattle Mariners,79,83,.488,16,"$45,351,254",1999,
West,Anaheim Angels,70,92,.432,25,"$51,340,257",1999,
American League Team Standings,American League Team Standings,American League Team Standings,,,,,1999,
2000 American League Team Standings,2000 American League Team Standings,2000 American League Team Standings,2000 American League Team Standings,2000 American League Team Standings,2000 American League Team Standings,2000 American League Team Standings,2000,
East,Team [Click for roster],Wins,Losses,WP,GB,Payroll,2000,
East,New York Yankees,87,74,.540,0,"$92,538,260",2000,
East,Boston Red Sox,85,77,.525,2½,"$77,940,333",2000,
East,Toronto Blue Jays,83,79,.512,4½,"$46,238,333",2000,
East,Baltimore Orioles,74,88,.457,13½,"$81,447,435",2000,
East,Tampa Bay Devil Rays,69,92,.429,18,"$62,765,129",2000,
Central,Team [Click for roster],Wins,Losses,WP,GB,Payroll,2000,
Central,Chicago White Sox,95,67,.586,0,"$31,133,500",2000,
Central,Cleveland Indians,90,72,.556,5,"$75,880,971",2000,
Central,Detroit Tigers,79,83,.488,16,"$58,265,167",2000,
Central,Kansas City Royals,77,85,.475,18,"$23,433,000",2000,
Central,Minnesota Twins,69,93,.426,26,"$16,519,500",2000,
West,Team [Click for roster],Wins,Losses,WP,GB,Payroll,2000,
West,Oakland Athletics,91,70,.565,0,"$31,971,333",2000,
West,Seattle Mariners,91,71,.562,½,"$58,915,000",2000,
West,Anaheim Angels,82,80,.506,9½,"$51,464,167",2000,
West,Texas Rangers,71,91,.438,20½,"$70,795,921",2000,
American League Team Standings,American League Team Standings,American League Team Standings,American League Team Standings,American League Team Standings,American League Team Standings,American League Team Standings,2000,
2001 American League Team Standings,2001 American League Team Standings,2001 American League Team Standings,2001 American League Team Standings,2001 American League Team Standings,2001 American League Team Standings,2001 American League Team Standings,2001,
East,Team [Click for roster],Wins,Losses,WP,GB,Payroll,2001,
East,New York Yankees,95,65,.594,0,"$109,791,893",2001,
East,Boston Red Sox,82,79,.509,13½,"$109,558,908",2001,
East,Toronto Blue Jays,80,82,.494,16,"$75,798,500",2001,
East,Baltimore Orioles,63,98,.391,32½,"$72,426,328",2001,
East,Tampa Bay Devil Rays,62,100,.383,34,"$54,798,500",2001,
Central,Team [Click for roster],Wins,Losses,WP,GB,Payroll,2001,
Central,Cleveland Indians,91,71,.562,0,"$91,974,979",2001,
Central,Minnesota Twins,85,77,.525,6,"$24,350,000",2001,
Central,Chicago White Sox,83,79,.512,8,"$62,363,000",2001,
Central,Detroit Tigers,66,96,.407,25,"$49,831,167",2001,
Central,Kansas City Royals,65,97,.401,26,"$35,643,000",2001,
West,Team [Click for roster],Wins,Losses,WP,GB,Payroll,2001,
West,Seattle Mariners,116,46,.716,0,"$75,652,500",2001,
West,Oakland Athletics,102,60,.630,13,"$33,810,750",2001,
West,Anaheim Angels,75,87,.463,41,"$46,568,180",2001,
West,Texas Rangers,73,89,.451,43,"$88,504,421",2001,
American League Team Standings,American League Team Standings,American League Team Standings,American League Team Standings,American League Team Standings,American League Team Standings,American League Team Standings,2001,
2002 American League Team Standings,2002 American League Team Standings,2002 American League Team Standings,2002 American League Team Standings,2002 American League Team Standings,2002 American League Team Standings,2002 American League Team Standings,2002,
East,Team [Click for roster],Wins,Losses,WP,GB,Payroll,2002,
East,New York Yankees,103,58,.640,--,"$125,928,583",2002,
East,Boston Red Sox,93,69,.574,10½,"$108,366,060",2002,
East,Toronto Blue Jays,78,84,.481,25½,"$76,864,333",2002,
East,Baltimore Orioles,67,95,.414,36½,"$60,493,487",2002,
East,Tampa Bay Devil Rays,55,106,.342,48,"$34,380,000",2002,
Central,Team [Click for roster],Wins,Losses,WP,GB,Payroll,2002,
Central,Minnesota Twins,94,67,.584,--,"$40,225,000",2002,
Central,Chicago White Sox,81,81,.500,13½,"$57,052,833",2002,
Central,Cleveland Indians,74,88,.457,20½,"$78,909,448",2002,
Central,Kansas City Royals,62,100,.383,32½,"$47,257,000",2002,
Central,Detroit Tigers,55,106,.342,39,"$55,048,000",2002,
West,Team [Click for roster],Wins,Losses,WP,GB,Payroll,2002,
West,Oakland Athletics,103,59,.636,--,"$39,679,746",2002,
West,Anaheim Angels,99,63,.611,4,"$61,721,667",2002,
West,Seattle Mariners,93,69,.574,10,"$80,282,668",2002,
West,Texas Rangers,72,90,.444,31,"$105,302,124",2002,
American League Team Standings,American League Team Standings,American League Team Standings,American League Team Standings,American League Team Standings,American League Team Standings,American League Team Standings,2002,American League Team Standings
2003 American League Team Standings,2003 American League Team Standings,2003 American League Team Standings,2003 American League Team Standings,2003 American League Team Standings,2003 American League Team Standings,2003 American League Team Standings,2003,2003 American League Team Standings
East,Team [Click for roster],Wins,Losses,Ties,WP,GB,2003,Payroll
East,New York Yankees,101,61,1,.623,--,2003,"$152,749,814"
East,Boston Red Sox,95,67,0,.586,6,2003,"$99,946,500"
East,Toronto Blue Jays,86,76,0,.531,15,2003,"$51,269,000"
East,Baltimore Orioles,71,91,1,.438,30,2003,"$73,877,500"
East,Tampa Bay Devil Rays,63,99,0,.389,38,2003,"$19,630,000"
Central,Team [Click for roster],Wins,Losses,Ties,WP,GB,2003,Payroll
Central,Minnesota Twins,90,72,0,.556,--,2003,"$55,505,000"
Central,Chicago White Sox,86,76,0,.531,4,2003,"$51,010,000"
Central,Kansas City Royals,83,79,0,.512,7,2003,"$40,518,000"
Central,Cleveland Indians,68,94,0,.420,22,2003,"$48,584,834"
Central,Detroit Tigers,43,119,0,.265,47,2003,"$49,168,000"
West,Team [Click for roster],Wins,Losses,Ties,WP,GB,2003,Payroll
West,Oakland Athletics,96,66,0,.593,--,2003,"$50,260,834"
West,Seattle Mariners,93,69,0,.574,3,2003,"$86,959,167"
West,Anaheim Angels,77,85,0,.475,19,2003,"$79,031,667"
West,Texas Rangers,71,91,0,.438,25,2003,"$103,491,667"
2003 American League Final Standings,2003 American League Final Standings,2003 American League Final Standings,2003 American League Final Standings,2003 American League Final Standings,2003 American League Final Standings,2003 American League Final Standings,2003,2003 American League Final Standings
2004 American League Team Standings,2004 American League Team Standings,2004 American League Team Standings,2004 American League Team Standings,2004 American League Team Standings,2004 American League Team Standings,2004 American League Team Standings,2004,2004 American League Team Standings
East,Team [Click for roster],Wins,Losses,Ties,WP,GB,2004,Payroll
East,New York Yankees,101,61,0,.623,--,2004,"$182,835,513"
East,Boston Red Sox,98,64,0,.605,3,2004,"$125,208,542"
East,Baltimore Orioles,78,84,0,.481,23,2004,"$51,212,653"
East,Tampa Bay Devil Rays,70,91,0,.435,30½,2004,"$29,506,667"
East,Toronto Blue Jays,67,94,0,.416,33½,2004,"$50,017,000"
Central,Team [Click for roster],Wins,Losses,Ties,WP,GB,2004,Payroll
Central,Minnesota Twins,92,70,0,.568,--,2004,"$53,585,000"
Central,Chicago White Sox,83,79,0,.512,9,2004,"$76,212,500"
Central,Cleveland Indians,80,82,0,.494,12,2004,"$34,569,300"
Central,Detroit Tigers,72,90,0,.444,20,2004,"$46,353,554"
Central,Kansas City Royals,58,104,0,.358,34,2004,"$47,609,000"
West,Team [Click for roster],Wins,Losses,Ties,WP,GB,2004,Payroll
West,Anaheim Angels,92,70,0,.568,--,2004,"$101,084,667"
West,Oakland Athletics,91,71,0,.562,1,2004,"$59,825,167"
West,Texas Rangers,89,73,0,.549,3,2004,"$54,825,973"
West,Seattle Mariners,63,99,0,.389,29,2004,"$81,543,833"
2004 American League Final Standings,2004 American League Final Standings,2004 American League Final Standings,2004 American League Final Standings,2004 American League Final Standings,2004 American League Final Standings,2004 American League Final Standings,2004,2004 American League Final Standings
2005 American League Team Standings,2005 American League Team Standings,2005 American League Team Standings,2005 American League Team Standings,2005 American League Team Standings,2005 American League Team Standings,2005 American League Team Standings,2005,2005 American League Team Standings
East,Team [Click for roster],Wins,Losses,Ties,WP,GB,2005,Payroll
East,New York Yankees,95,67,0,.586,--,2005,"$208,206,817"
East,Boston Red Sox,95,67,0,.586,--,2005,"$123,505,125"
East,Toronto Blue Jays,80,82,0,.494,15,2005,"$45,719,500"
East,Baltimore Orioles,74,88,0,.457,21,2005,"$73,914,333"
East,Tampa Bay Devil Rays,67,95,0,.414,28,2005,"$29,363,067"
Central,Team [Click for roster],Wins,Losses,Ties,WP,GB,2005,Payroll
Central,Chicago White Sox,99,63,0,.611,--,2005,"$75,178,000"
Central,Cleveland Indians,93,69,0,.574,6,2005,"$41,502,500"
Central,Minnesota Twins,83,79,0,.512,16,2005,"$56,186,000"
Central,Detroit Tigers,71,91,0,.438,28,2005,"$69,092,000"
Central,Kansas City Royals,56,106,0,.346,43,2005,"$36,881,000"
West,Team [Click for roster],Wins,Losses,Ties,WP,GB,2005,Payroll
West,Los Angeles Angels of Anaheim,95,67,0,.586,--,2005,"$97,725,322"
West,Oakland Athletics,88,74,0,.543,7,2005,"$55,425,762"
West,Texas Rangers,79,83,0,.488,16,2005,"$55,849,000"
West,Seattle Mariners,69,93,0,.426,26,2005,"$87,754,334"
2005 American League Final Standings,2005 American League Final Standings,2005 American League Final Standings,2005 American League Final Standings,2005 American League Final Standings,2005 American League Final Standings,2005 American League Final Standings,2005,2005 American League Final Standings
"Seasonal Events: All-Star Game | HR Derby | World Series Navigation: Year in Review Menu | Previous Season | Next Season Miscellaneous: N.L. Leaderboard | Retirements | Rookies List Average Salary: $2,632,655 Minimum Salary: $316,000.00","Seasonal Events: All-Star Game | HR Derby | World Series Navigation: Year in Review Menu | Previous Season | Next Season Miscellaneous: N.L. Leaderboard | Retirements | Rookies List Average Salary: $2,632,655 Minimum Salary: $316,000.00","Seasonal Events: All-Star Game | HR Derby | World Series Navigation: Year in Review Menu | Previous Season | Next Season Miscellaneous: N.L. Leaderboard | Retirements | Rookies List Average Salary: $2,632,655 Minimum Salary: $316,000.00","Seasonal Events: All-Star Game | HR Derby | World Series Navigation: Year in Review Menu | Previous Season | Next Season Miscellaneous: N.L. Leaderboard | Retirements | Rookies List Average Salary: $2,632,655 Minimum Salary: $316,000.00","Seasonal Events: All-Star Game | HR Derby | World Series Navigation: Year in Review Menu | Previous Season | Next Season Miscellaneous: N.L. Leaderboard | Retirements | Rookies List Average Salary: $2,632,655 Minimum Salary: $316,000.00","Seasonal Events: All-Star Game | HR Derby | World Series Navigation: Year in Review Menu | Previous Season | Next Season Miscellaneous: N.L. Leaderboard | Retirements | Rookies List Average Salary: $2,632,655 Minimum Salary: $316,000.00","Seasonal Events: All-Star Game | HR Derby | World Series Navigation: Year in Review Menu | Previous Season | Next Season Miscellaneous: N.L. Leaderboard | Retirements | Rookies List Average Salary: $2,632,655 Minimum Salary: $316,000.00",2005,"Seasonal Events: All-Star Game | HR Derby | World Series Navigation: Year in Review Menu | Previous Season | Next Season Miscellaneous: N.L. Leaderboard | Retirements | Rookies List Average Salary: $2,632,655 Minimum Salary: $316,000.00"
2006 American League Standings 2006 All-Star Game | 2006 A.L. Team Standings | 2006 World Series,2006 American League Standings 2006 All-Star Game | 2006 A.L. Team Standings | 2006 World Series,2006 American League Standings 2006 All-Star Game | 2006 A.L. Team Standings | 2006 World Series,2006 American League Standings 2006 All-Star Game | 2006 A.L. Team Standings | 2006 World Series,2006 American League Standings 2006 All-Star Game | 2006 A.L. Team Standings | 2006 World Series,2006 American League Standings 2006 All-Star Game | 2006 A.L. Team Standings | 2006 World Series,2006 American League Standings 2006 All-Star Game | 2006 A.L. Team Standings | 2006 World Series,2006,2006 American League Standings 2006 All-Star Game | 2006 A.L. Team Standings | 2006 World Series
East,Team | Roster,Wins,Losses,Ties,WP,GB,2006,Payroll
East,New York Yankees,97,65,0,.599,--,2006,"$194,663,079"
East,Toronto Blue Jays,87,75,0,.537,10,2006,"$71,915,000"
East,Boston Red Sox,86,76,0,.531,11,2006,"$120,099,824"
East,Baltimore Orioles,70,92,0,.432,27,2006,"$72,585,582"
East,Tampa Bay Devil Rays,61,101,0,.377,36,2006,"$35,417,967"
Central,Team | Roster],Wins,Losses,Ties,WP,GB,2006,Payroll
Central,Minnesota Twins,96,66,0,.593,--,2006,"$63,396,006"
Central,Detroit Tigers,95,67,0,.586,1,2006,"$82,612,866"
Central,Chicago White Sox,90,72,0,.556,6,2006,"$102,750,667"
Central,Cleveland Indians,78,84,0,.481,18,2006,"$56,031,500"
Central,Kansas City Royals,62,100,0,.383,34,2006,"$47,294,000"
West,Team | Roster],Wins,Losses,Ties,WP,GB,2006,Payroll
West,Oakland Athletics,93,69,0,.574,--,2006,"$62,243,079"
West,Los Angeles Angels,89,73,0,.549,4,2006,"$103,472,000"
West,Texas Rangers,80,82,0,.494,13,2006,"$68,228,662"
West,Seattle Mariners,78,84,0,.481,15,2006,"$87,959,833"
A.L.,Team | Roster,Wins,Losses,Ties,WP,GB,2006,Payroll
2006 American League Final Standings,2006 American League Final Standings,2006 American League Final Standings,2006 American League Final Standings,2006 American League Final Standings,2006 American League Final Standings,2006 American League Final Standings,2006,2006 American League Final Standings
2007 American League Standings 2007 All-Star Game | 2007 A.L. Team Standings | 2007 World Series,2007 American League Standings 2007 All-Star Game | 2007 A.L. Team Standings | 2007 World Series,2007 American League Standings 2007 All-Star Game | 2007 A.L. Team Standings | 2007 World Series,2007 American League Standings 2007 All-Star Game | 2007 A.L. Team Standings | 2007 World Series,2007 American League Standings 2007 All-Star Game | 2007 A.L. Team Standings | 2007 World Series,2007 American League Standings 2007 All-Star Game | 2007 A.L. Team Standings | 2007 World Series,2007 American League Standings 2007 All-Star Game | 2007 A.L. Team Standings | 2007 World Series,2007,2007 American League Standings 2007 All-Star Game | 2007 A.L. Team Standings | 2007 World Series
East,Team | Roster,Wins,Losses,Ties,WP,GB,2007,Payroll
East,Boston Red Sox,96,66,0,.593,--,2007,"$143,026,214"
East,New York Yankees,94,68,0,.580,2,2007,"$189,639,045"
East,Toronto Blue Jays,83,79,0,.512,13,2007,"$81,942,800"
East,Baltimore Orioles,69,93,0,.426,27,2007,"$93,554,808"
East,Tampa Bay Devil Rays,66,96,0,.407,30,2007,"$24,123,500"
Central,Team | Roster,Wins,Losses,Ties,WP,GB,2007,Payroll
Central,Cleveland Indians,96,66,0,.593,--,2007,"$61,673,267"
Central,Detroit Tigers,88,74,0,.543,8,2007,"$95,180,369"
Central,Minnesota Twins,79,83,0,.488,17,2007,"$71,439,500"
Central,Chicago White Sox,72,90,0,.444,24,2007,"$108,671,833"
Central,Kansas City Royals,69,93,0,.426,27,2007,"$67,116,500"
West,Team | Roster,Wins,Losses,Ties,WP,GB,2007,Payroll
West,Los Angeles Angels,94,68,0,.580,--,2007,"$109,251,333"
West,Seattle Mariners,88,74,0,.543,6,2007,"$106,460,833"
West,Oakland Athletics,76,86,0,.469,18,2007,"$79,366,940"
West,Texas Rangers,75,87,0,.463,19,2007,"$68,318,675"
A.L.,Team | Roster,Wins,Losses,Ties,WP,GB,2007,Payroll
2007 American League Final Standings,2007 American League Final Standings,2007 American League Final Standings,2007 American League Final Standings,2007 American League Final Standings,2007 American League Final Standings,2007 American League Final Standings,2007,2007 American League Final Standings
2008 American League Standings 2008 All-Star Game | 2008 A.L. Team Standings | 2008 World Series,2008 American League Standings 2008 All-Star Game | 2008 A.L. Team Standings | 2008 World Series,2008 American League Standings 2008 All-Star Game | 2008 A.L. Team Standings | 2008 World Series,2008 American League Standings 2008 All-Star Game | 2008 A.L. Team Standings | 2008 World Series,2008 American League Standings 2008 All-Star Game | 2008 A.L. Team Standings | 2008 World Series,2008 American League Standings 2008 All-Star Game | 2008 A.L. Team Standings | 2008 World Series,2008 American League Standings 2008 All-Star Game | 2008 A.L. Team Standings | 2008 World Series,2008,2008 American League Standings 2008 All-Star Game | 2008 A.L. Team Standings | 2008 World Series
East,Team | Roster,Wins,Losses,Ties,WP,GB,2008,Payroll
East,Tampa Bay Rays,97,65,0,.599,--,2008,"$43,820,598"
East,Boston Red Sox,95,67,0,.586,2,2008,"$133,440,037"
East,New York Yankees,89,73,0,.549,8,2008,"$209,081,579"
East,Toronto Blue Jays,86,76,0,.531,11,2008,"$98,641,957"
East,Baltimore Orioles,68,93,0,.422,28½,2008,"$67,196,248"
Central,Team | Roster,Wins,Losses,Ties,WP,GB,2008,Payroll
Central,Chicago White Sox,89,74,0,.546,--,2008,"$121,152,667"
Central,Minnesota Twins,88,75,0,.540,1,2008,"$62,182,767"
Central,Cleveland Indians,81,81,0,.500,7½,2008,"$78,970,067"
Central,Kansas City Royals,75,87,0,.463,13½,2008,"$58,245,500"
Central,Detroit Tigers,74,88,0,.457,14½,2008,"$138,685,197"
West,Team | Roster,Wins,Losses,Ties,WP,GB,2008,Payroll
West,Los Angeles Angels,100,62,0,.617,--,2008,"$119,216,333"
West,Texas Rangers,79,83,0,.488,21,2008,"$68,239,551"
West,Oakland Athletics,75,86,0,.466,24½,2008,"$47,967,126"
West,Seattle Mariners,61,101,0,.377,39,2008,"$117,993,982"
A.L.,Team | Roster,Wins,Losses,Ties,WP,GB,2008,Payroll
2008 National League Final Standings,2008 National League Final Standings,2008 National League Final Standings,2008 National League Final Standings,2008 National League Final Standings,2008 National League Final Standings,2008 National League Final Standings,2008,2008 National League Final Standings
2009 American League Team Standings,2009 American League Team Standings,2009 American League Team Standings,2009 American League Team Standings,2009 American League Team Standings,2009 American League Team Standings,2009 American League Team Standings,2009,2009 American League Team Standings
East,Team | Roster,Wins,Losses,Ties,WP,GB,2009,Payroll
East,New York Yankees,103,59,0,.636,--,2009,"$201,449,189"
East,Boston Red Sox,95,67,0,.586,8,2009,"$121,745,999"
East,Tampa Bay Rays,84,78,0,.519,19,2009,"$63,313,034"
East,Toronto Blue Jays,75,87,0,.463,28,2009,"$80,538,300"
East,Baltimore Orioles,64,98,0,.395,39,2009,"$67,101,666"
Central,Team | Roster,Wins,Losses,Ties,WP,GB,2009,Payroll
Central,Minnesota Twins,87,76,0,.534,--,2009,"$65,299,266"
Central,Detroit Tigers,86,77,0,.528,1,2009,"$115,085,145"
Central,Chicago White Sox,79,83,0,.488,7½,2009,"$96,068,500"
Central,Cleveland Indians,65,97,0,.401,21½,2009,"$81,579,166"
Central,Kansas City Royals,65,97,0,.401,21½,2009,"$70,519,333"
West,Team | Roster,Wins,Losses,Ties,WP,GB,2009,Payroll
West,Los Angeles Angels,97,65,0,.599,--,2009,"$113,709,000"
West,Texas Rangers,87,75,0,.537,10,2009,"$68,178,798"
West,Seattle Mariners,85,77,0,.525,12,2009,"$98,904,166"
West,Oakland Athletics,75,87,0,.463,22,2009,"$62,310,000"
2009 American League Final Standings,2009 American League Final Standings,2009 American League Final Standings,2009 American League Final Standings,2009 American League Final Standings,2009 American League Final Standings,2009 American League Final Standings,2009,2009 American League Final Standings
"Seasonal Events: All-Star Game | Home Run Derby | World Series Navigation: Year in Review Menu | Previous Season | Next Season Miscellaneous: N.L. Leaderboard | Rookies List Average Salary: $3,240,206.81 Minimum Salary: $390,000.00","Seasonal Events: All-Star Game | Home Run Derby | World Series Navigation: Year in Review Menu | Previous Season | Next Season Miscellaneous: N.L. Leaderboard | Rookies List Average Salary: $3,240,206.81 Minimum Salary: $390,000.00","Seasonal Events: All-Star Game | Home Run Derby | World Series Navigation: Year in Review Menu | Previous Season | Next Season Miscellaneous: N.L. Leaderboard | Rookies List Average Salary: $3,240,206.81 Minimum Salary: $390,000.00","Seasonal Events: All-Star Game | Home Run Derby | World Series Navigation: Year in Review Menu | Previous Season | Next Season Miscellaneous: N.L. Leaderboard | Rookies List Average Salary: $3,240,206.81 Minimum Salary: $390,000.00","Seasonal Events: All-Star Game | Home Run Derby | World Series Navigation: Year in Review Menu | Previous Season | Next Season Miscellaneous: N.L. Leaderboard | Rookies List Average Salary: $3,240,206.81 Minimum Salary: $390,000.00","Seasonal Events: All-Star Game | Home Run Derby | World Series Navigation: Year in Review Menu | Previous Season | Next Season Miscellaneous: N.L. Leaderboard | Rookies List Average Salary: $3,240,206.81 Minimum Salary: $390,000.00","Seasonal Events: All-Star Game | Home Run Derby | World Series Navigation: Year in Review Menu | Previous Season | Next Season Miscellaneous: N.L. Leaderboard | Rookies List Average Salary: $3,240,206.81 Minimum Salary: $390,000.00",2009,"Seasonal Events: All-Star Game | Home Run Derby | World Series Navigation: Year in Review Menu | Previous Season | Next Season Miscellaneous: N.L. Leaderboard | Rookies List Average Salary: $3,240,206.81 Minimum Salary: $390,000.00"
2010 American League Standings 2010 All-Star Game | 2010 A.L. Team Standings | 2010 World Series,2010 American League Standings 2010 All-Star Game | 2010 A.L. Team Standings | 2010 World Series,2010 American League Standings 2010 All-Star Game | 2010 A.L. Team Standings | 2010 World Series,2010 American League Standings 2010 All-Star Game | 2010 A.L. Team Standings | 2010 World Series,2010 American League Standings 2010 All-Star Game | 2010 A.L. Team Standings | 2010 World Series,2010 American League Standings 2010 All-Star Game | 2010 A.L. Team Standings | 2010 World Series,2010 American League Standings 2010 All-Star Game | 2010 A.L. Team Standings | 2010 World Series,2010,2010 American League Standings 2010 All-Star Game | 2010 A.L. Team Standings | 2010 World Series
East,Team | Roster,Wins,Losses,Ties,WP,GB,2010,Payroll
East,Tampa Bay Rays,96,66,0,.593,--,2010,"$71,923,471"
East,New York Yankees,95,67,0,.586,1,2010,"$206,333,389"
East,Boston Red Sox,89,73,0,.549,7,2010,"$162,747,333"
East,Toronto Blue Jays,85,77,0,.525,11,2010,"$62,689,357"
East,Baltimore Orioles,66,96,0,.407,30,2010,"$81,612,500"
Central,Team | Roster,Wins,Losses,Ties,WP,GB,2010,Payroll
Central,Minnesota Twins,94,68,0,.580,--,2010,"$97,559,167"
Central,Chicago White Sox,88,74,0,.543,6,2010,"$108,273,197"
Central,Detroit Tigers,81,81,0,.500,13,2010,"$122,864,929"
Central,Cleveland Indians,69,93,0,.426,25,2010,"$61,203,967"
Central,Kansas City Royals,67,95,0,.414,27,2010,"$72,267,710"
West,Team | Roster,Wins,Losses,Ties,WP,GB,2010,Payroll
West,Texas Rangers,90,72,0,.556,--,2010,"$55,250,545"
West,Oakland Athletics,81,81,0,.500,9,2010,"$51,654,900"
West,Los Angeles Angels,80,82,0,.494,10,2010,"$105,013,667"
West,Seattle Mariners,61,101,0,.377,29,2010,"$98,376,667"
A.L.,Team | Roster,Wins,Losses,Ties,WP,GB,2010,Payroll
2010 American League Final Standings,2010 American League Final Standings,2010 American League Final Standings,2010 American League Final Standings,2010 American League Final Standings,2010 American League Final Standings,2010 American League Final Standings,2010,2010 American League Final Standings
2011 American League Standings 2011 All-Star Game | 2011 Team Standings | 2011 World Series,2011 American League Standings 2011 All-Star Game | 2011 Team Standings | 2011 World Series,2011 American League Standings 2011 All-Star Game | 2011 Team Standings | 2011 World Series,2011 American League Standings 2011 All-Star Game | 2011 Team Standings | 2011 World Series,2011 American League Standings 2011 All-Star Game | 2011 Team Standings | 2011 World Series,2011 American League Standings 2011 All-Star Game | 2011 Team Standings | 2011 World Series,2011 American League Standings 2011 All-Star Game | 2011 Team Standings | 2011 World Series,2011,2011 American League Standings 2011 All-Star Game | 2011 Team Standings | 2011 World Series
East,Team | Roster,Wins,Losses,Ties,WP,GB,2011,Payroll
East,New York Yankees,97,65,0,.599,--,2011,"$202,689,028"
East,Tampa Bay Rays,91,71,0,.562,6,2011,"$41,053,571"
East,Boston Red Sox,90,72,0,.556,7,2011,"$161,762,475"
East,Toronto Blue Jays,81,81,0,.500,16,2011,"$62,567,800"
East,Baltimore Orioles,69,93,0,.426,28,2011,"$85,304,038"
Central,Team | Roster,Wins,Losses,Ties,WP,GB,2011,Payroll
Central,Detroit Tigers,95,67,0,.586,--,2011,"$105,700,231"
Central,Cleveland Indians,80,82,0,.494,15,2011,"$49,190,566"
Central,Chicago White Sox,79,83,0,.488,16,2011,"$127,789,000"
Central,Kansas City Royals,71,91,0,.438,24,2011,"$36,126,000"
Central,Minnesota Twins,63,99,0,.389,32,2011,"$112,737,000"
West,Team | Roster,Wins,Losses,Ties,WP,GB,2011,Payroll
West,Texas Rangers,96,66,0,.593,--,2011,"$92,299,264"
West,Los Angeles Angels,86,76,0,.531,10,2011,"$138,543,166"
West,Oakland Athletics,74,88,0,.457,22,2011,"$66,536,500"
West,Seattle Mariners,67,95,0,.414,29,2011,"$86,524,600"
A.L.,Team | Roster,Wins,Losses,Ties,WP,GB,2011,Payroll
2011 American League Final Standings,2011 American League Final Standings,2011 American League Final Standings,2011 American League Final Standings,2011 American League Final Standings,2011 American League Final Standings,2011 American League Final Standings,2011,2011 American League Final Standings
2012 American League Standings 2012 All-Star Game | 2012 Team Standings | 2012 World Series,2012 American League Standings 2012 All-Star Game | 2012 Team Standings | 2012 World Series,2012 American League Standings 2012 All-Star Game | 2012 Team Standings | 2012 World Series,2012 American League Standings 2012 All-Star Game | 2012 Team Standings | 2012 World Series,2012 American League Standings 2012 All-Star Game | 2012 Team Standings | 2012 World Series,2012 American League Standings 2012 All-Star Game | 2012 Team Standings | 2012 World Series,2012 American League Standings 2012 All-Star Game | 2012 Team Standings | 2012 World Series,2012,2012 American League Standings 2012 All-Star Game | 2012 Team Standings | 2012 World Series
East,Team | Roster,Wins,Losses,Ties,WP,GB,2012,Payroll
East,New York Yankees,95,67,0,.586,--,2012,"$197,962,289"
East,Baltimore Orioles,93,69,0,.574,2,2012,"$81,428,999"
East,Tampa Bay Rays,90,72,0,.556,5,2012,"$64,173,500"
East,Toronto Blue Jays,73,89,0,.451,22,2012,"$75,489,200"
East,Boston Red Sox,69,93,0,.426,26,2012,"$173,186,617"
Central,Team | Roster,Wins,Losses,Ties,WP,GB,2012,Payroll
Central,Detroit Tigers,88,74,0,.543,--,2012,"$132,300,000"
Central,Chicago White Sox,85,77,0,.525,3,2012,"$96,919,500"
Central,Kansas City Royals,72,90,0,.444,16,2012,"$60,916,225"
Central,Cleveland Indians,68,94,0,.420,20,2012,"$78,430,300"
Central,Minnesota Twins,66,96,0,.407,22,2012,"$94,085,000"
West,Team | Roster,Wins,Losses,Ties,WP,GB,2012,Payroll
West,Oakland Athletics,94,68,0,.580,--,2012,"$55,372,500"
West,Texas Rangers,93,69,0,.574,1,2012,"$120,510,974"
West,Los Angeles Angels,89,73,0,.549,5,2012,"$154,485,166"
West,Seattle Mariners,75,87,0,.463,19,2012,"$81,978,100"
A.L.,Team | Roster,Wins,Losses,Ties,WP,GB,2012,Payroll
2012 American League Final Standings,2012 American League Final Standings,2012 American League Final Standings,2012 American League Final Standings,2012 American League Final Standings,2012 American League Final Standings,2012 American League Final Standings,2012,2012 American League Final Standings
2013 American League Team Standings,2013 American League Team Standings,2013 American League Team Standings,2013 American League Team Standings,2013 American League Team Standings,2013 American League Team Standings,2013 American League Team Standings,2013,2013 American League Team Standings
East,Team [Click for roster],Wins,Losses,Ties,WP,GB,2013,Payroll
East,Boston Red Sox,97,65,0,.599,--,2013,$
East,Tampa Bay Rays,92,71,0,.564,5½,2013,$
East,Baltimore Orioles,85,77,0,.525,12,2013,$
East,New York Yankees,85,77,0,.525,12,2013,$
East,Toronto Blue Jays,74,88,0,.457,23,2013,$
Central,Team [Click for roster],Wins,Losses,Ties,WP,GB,2013,Payroll
Central,Detroit Tigers,93,69,0,.574,--,2013,$
Central,Cleveland Indians,92,70,0,.568,1,2013,$
Central,Kansas City Royals,86,76,0,.531,7,2013,$
Central,Minnesota Twins,66,96,0,.407,27,2013,$
Central,Chicago White Sox,63,99,0,.389,30,2013,$
West,Team [Click for roster],Wins,Losses,Ties,WP,GB,2013,Payroll
West,Oakland Athletics,96,66,0,.593,--,2013,$
West,Texas Rangers,91,72,0,.558,5½,2013,$
West,Los Angeles Angels,78,84,0,.481,18,2013,$
West,Seattle Mariners,71,91,0,.438,25,2013,$
West,Houston Astros,51,111,0,.315,45,2013,$
2013 American League Final Standings,2013 American League Final Standings,2013 American League Final Standings,2013 American League Final Standings,2013 American League Final Standings,2013 American League Final Standings,2013 American League Final Standings,2013,2013 American League Final Standings
Seasonal Events: All-Star Game | Home Run Derby | World Series Navigation: Year in Review Menu | Previous Season | Next Season Miscellaneous: N.L. Leaderboard | Rookies List,Seasonal Events: All-Star Game | Home Run Derby | World Series Navigation: Year in Review Menu | Previous Season | Next Season Miscellaneous: N.L. Leaderboard | Rookies List,Seasonal Events: All-Star Game | Home Run Derby | World Series Navigation: Year in Review Menu | Previous Season | Next Season Miscellaneous: N.L. Leaderboard | Rookies List,Seasonal Events: All-Star Game | Home Run Derby | World Series Navigation: Year in Review Menu | Previous Season | Next Season Miscellaneous: N.L. Leaderboard | Rookies List,Seasonal Events: All-Star Game | Home Run Derby | World Series Navigation: Year in Review Menu | Previous Season | Next Season Miscellaneous: N.L. Leaderboard | Rookies List,Seasonal Events: All-Star Game | Home Run Derby | World Series Navigation: Year in Review Menu | Previous Season | Next Season Miscellaneous: N.L. Leaderboard | Rookies List,Seasonal Events: All-Star Game | Home Run Derby | World Series Navigation: Year in Review Menu | Previous Season | Next Season Miscellaneous: N.L. Leaderboard | Rookies List,2013,Seasonal Events: All-Star Game | Home Run Derby | World Series Navigation: Year in Review Menu | Previous Season | Next Season Miscellaneous: N.L. Leaderboard | Rookies List
2014 American League Team Standings 2014 All-Star Game | Team Standings | 2014 World Series,2014 American League Team Standings 2014 All-Star Game | Team Standings | 2014 World Series,2014 American League Team Standings 2014 All-Star Game | Team Standings | 2014 World Series,2014 American League Team Standings 2014 All-Star Game | Team Standings | 2014 World Series,2014 American League Team Standings 2014 All-Star Game | Team Standings | 2014 World Series,2014 American League Team Standings 2014 All-Star Game | Team Standings | 2014 World Series,2014 American League Team Standings 2014 All-Star Game | Team Standings | 2014 World Series,2014,2014 American League Team Standings 2014 All-Star Game | Team Standings | 2014 World Series
East,Team | Roster,W,L,T,WP,GB,2014,Payroll
East,Baltimore Orioles,96,66,0,.593,--,2014,"$107,406,623"
East,New York Yankees,84,78,0,.518,12,2014,"$203,812,506"
East,Toronto Blue Jays,83,79,0,.512,13,2014,"$132,628,700"
East,Tampa Bay Rays,77,85,0,.475,19,2014,"$77,062,891"
East,Boston Red Sox,71,91,0,.438,25,2014,"$162,817,411"
Central,Team | Roster,W,L,T,WP,GB,2014,Payroll
Central,Detroit Tigers,90,72,0,.556,--,2014,"$162,228,527"
Central,Kansas City Royals,89,73,0,.549,1,2014,"$92,034,345"
Central,Cleveland Indians,85,77,0,.525,5,2014,"$82,534,800"
Central,Chicago White Sox,73,89,0,.451,17,2014,"$91,159,254"
Central,Minnesota Twins,70,92,0,.432,20,2014,"$85,776,500"
West,Team | Roster,W,L,T,WP,GB,2014,Payroll
West,Los Angeles Angels,98,64,0,.605,--,2014,"$155,692,000"
West,Oakland Athletics,88,74,0,.543,10,2014,"$83,401,400"
West,Seattle Mariners,87,75,0,.537,11,2014,"$92,081,943"
West,Houston Astros,70,92,0,.432,28,2014,"$44,544,174"
West,Texas Rangers,67,95,0,.414,31,2014,"$136,036,172"
A.L.,Team | Roster,W,L,T,WP,GB,2014,Payroll
2014 American League Final Standings,2014 American League Final Standings,2014 American League Final Standings,2014 American League Final Standings,2014 American League Final Standings,2014 American League Final Standings,2014 American League Final Standings,2014,2014 American League Final Standings
2015 American League  Team Standings,2015 American League  Team Standings,2015 American League  Team Standings,2015 American League  Team Standings,2015 American League  Team Standings,2015 American League  Team Standings,2015 American League  Team Standings,2015,
East,Team [Click for roster],Wins,Losses,Ties,WP,GB,2015,
East,Toronto Blue Jays,93,69,0,.574,--,2015,
East,New York Yankees,87,75,0,.537,6,2015,
East,Baltimore Orioles,81,81,0,.500,12,2015,
East,Tampa Bay Rays,80,82,0,.494,13,2015,
East,Boston Red Sox,78,84,0,.481,15,2015,
Central,Team [Click for roster],Wins,Losses,Ties,WP,GB,2015,
Central,Kansas City Royals,95,67,0,.586,--,2015,
Central,Minnesota Twins,83,79,0,.512,12,2015,
Central,Cleveland Indians,81,80,0,.503,13½,2015,
Central,Chicago White Sox,76,86,0,.469,19,2015,
Central,Detroit Tigers,74,87,0,.460,20½,2015,
West,Team [Click for roster],Wins,Losses,Ties,WP,GB,2015,
West,Texas Rangers,88,74,0,.543,--,2015,
West,Houston Astros,86,76,0,.531,2,2015,
West,Los Angeles Angels,85,77,0,.525,3,2015,
West,Seattle Mariners,76,86,0,.469,12,2015,
West,Oakland Athletics,68,94,0,.420,20,2015,
2015 American League Final Standings,2015 American League Final Standings,2015 American League Final Standings,2015 American League Final Standings,2015 American League Final Standings,2015 American League Final Standings,2015 American League Final Standings,2015,
Seasonal Events: All-Star Game | Home Run Derby | World Series Navigation: Year in Review Menu | Previous Season | Next Season Miscellaneous: N.L. Leaderboard | Rookies List,Seasonal Events: All-Star Game | Home Run Derby | World Series Navigation: Year in Review Menu | Previous Season | Next Season Miscellaneous: N.L. Leaderboard | Rookies List,Seasonal Events: All-Star Game | Home Run Derby | World Series Navigation: Year in Review Menu | Previous Season | Next Season Miscellaneous: N.L. Leaderboard | Rookies List,Seasonal Events: All-Star Game | Home Run Derby | World Series Navigation: Year in Review Menu | Previous Season | Next Season Miscellaneous: N.L. Leaderboard | Rookies List,Seasonal Events: All-Star Game | Home Run Derby | World Series Navigation: Year in Review Menu | Previous Season | Next Season Miscellaneous: N.L. Leaderboard | Rookies List,Seasonal Events: All-Star Game | Home Run Derby | World Series Navigation: Year in Review Menu | Previous Season | Next Season Miscellaneous: N.L. Leaderboard | Rookies List,Seasonal Events: All-Star Game | Home Run Derby | World Series Navigation: Year in Review Menu | Previous Season | Next Season Miscellaneous: N.L. Leaderboard | Rookies List,2015,
2016 American League Team Standings,2016 American League Team Standings,2016 American League Team Standings,2016 American League Team Standings,2016 American League Team Standings,2016 American League Team Standings,2016 American League Team Standings,2016,2016 American League Team Standings
East,Team [Click for roster],Wins,Losses,Ties,WP,GB,2016,Payroll
East,Boston Red Sox,93,69,0,.574,--,2016,$
East,Baltimore Orioles,89,73,0,.549,4,2016,$
East,Toronto Blue Jays,89,73,0,.549,4,2016,$
East,New York Yankees,84,78,0,.519,9,2016,$
East,Tampa Bay Rays,68,94,0,.420,25,2016,$
Central,Team [Click for roster],Wins,Losses,Ties,WP,GB,2016,Payroll
Central,Cleveland Indians,94,67,0,.584,--,2016,$
Central,Detroit Tigers,86,75,0,.534,8,2016,$
Central,Kansas City Royals,81,81,0,.500,13.5,2016,$
Central,Chicago White Sox,78,84,0,.481,16.5,2016,$
Central,Minnesota Twins,59,103,0,.364,35.5,2016,$
West,Team [Click for roster],Wins,Losses,Ties,WP,GB,2016,Payroll
West,Texas Rangers,95,67,0,.586,--,2016,$
West,Seattle Mariners,86,76,0,.531,9,2016,$
West,Houston Astros,84,78,0,.519,11,2016,$
West,Los Angeles Angels,74,88,0,.457,21,2016,$
West,Oakland Athletics,69,93,0,.426,26,2016,$
2016 American League Final Standings,2016 American League Final Standings,2016 American League Final Standings,2016 American League Final Standings,2016 American League Final Standings,2016 American League Final Standings,2016 American League Final Standings,2016,2016 American League Final Standings
Seasonal Events: All-Star Game | Home Run Derby | World Series Navigation: Year in Review Menu | Previous Season | Next Season Miscellaneous: N.L. Leaderboard | Rookies List,Seasonal Events: All-Star Game | Home Run Derby | World Series Navigation: Year in Review Menu | Previous Season | Next Season Miscellaneous: N.L. Leaderboard | Rookies List,Seasonal Events: All-Star Game | Home Run Derby | World Series Navigation: Year in Review Menu | Previous Season | Next Season Miscellaneous: N.L. Leaderboard | Rookies List,Seasonal Events: All-Star Game | Home Run Derby | World Series Navigation: Year in Review Menu | Previous Season | Next Season Miscellaneous: N.L. Leaderboard | Rookies List,Seasonal Events: All-Star Game | Home Run Derby | World Series Navigation: Year in Review Menu | Previous Season | Next Season Miscellaneous: N.L. Leaderboard | Rookies List,Seasonal Events: All-Star Game | Home Run Derby | World Series Navigation: Year in Review Menu | Previous Season | Next Season Miscellaneous: N.L. Leaderboard | Rookies List,Seasonal Events: All-Star Game | Home Run Derby | World Series Navigation: Year in Review Menu | Previous Season | Next Season Miscellaneous: N.L. Leaderboard | Rookies List,2016,Seasonal Events: All-Star Game | Home Run Derby | World Series Navigation: Year in Review Menu | Previous Season | Next Season Miscellaneous: N.L. Leaderboard | Rookies List
2017 American League Team Standings 2017 All-Star Game | 2017 Team Standings | 2017 World Series,2017 American League Team Standings 2017 All-Star Game | 2017 Team Standings | 2017 World Series,2017 American League Team Standings 2017 All-Star Game | 2017 Team Standings | 2017 World Series,2017 American League Team Standings 2017 All-Star Game | 2017 Team Standings | 2017 World Series,2017 American League Team Standings 2017 All-Star Game | 2017 Team Standings | 2017 World Series,2017 American League Team Standings 2017 All-Star Game | 2017 Team Standings | 2017 World Series,2017 American League Team Standings 2017 All-Star Game | 2017 Team Standings | 2017 World Series,2017,
East,Team | Roster,Wins,Losses,Ties,WP,GB,2017,
East,Boston Red Sox,93,69,0,.574,--,2017,
East,New York Yankees,91,71,0,.562,2.0,2017,
East,Tampa Bay Rays,80,82,0,.494,13.0,2017,
East,Toronto Blue Jays,76,86,0,.469,17.0,2017,
East,Baltimore Orioles,75,87,0,.463,18.0,2017,
Central,Team | Roster,Wins,Losses,Ties,WP,GB,2017,
Central,Cleveland Indians,102,60,0,.630,--,2017,
Central,Minnesota Twins,85,77,0,.525,17.0,2017,
Central,Kansas City Royals,80,82,0,.494,22.0,2017,
Central,Chicago White Sox,67,95,0,.414,35.0,2017,
Central,Detroit Tigers,64,98,0,.395,38.0,2017,
West,Team | Roster,Wins,Losses,Ties,WP,GB,2017,
West,Houston Astros,101,61,0,.623,--,2017,
West,Los Angeles Angels,80,82,0,.494,21.0,2017,
West,Seattle Mariners,78,84,0,.481,23.0,2017,
West,Texas Rangers,78,84,0,.481,23.0,2017,
West,Oakland Athletics,75,87,0,.463,26.0,2017,
A.L.,Team | Roster,Wins,Losses,Ties,WP,GB,2017,
2017 American League Final Standings,2017 American League Final Standings,2017 American League Final Standings,2017 American League Final Standings,2017 American League Final Standings,2017 American League Final Standings,2017 American League Final Standings,2017,
2018 American League Team Standings 2018 All-Star Game | 2018 Team Standings | 2018 World Series,2018 American League Team Standings 2018 All-Star Game | 2018 Team Standings | 2018 World Series,2018 American League Team Standings 2018 All-Star Game | 2018 Team Standings | 2018 World Series,2018 American League Team Standings 2018 All-Star Game | 2018 Team Standings | 2018 World Series,2018 American League Team Standings 2018 All-Star Game | 2018 Team Standings | 2018 World Series,2018 American League Team Standings 2018 All-Star Game | 2018 Team Standings | 2018 World Series,2018 American League Team Standings 2018 All-Star Game | 2018 Team Standings | 2018 World Series,2018,2018 American League Team Standings 2018 All-Star Game | 2018 Team Standings | 2018 World Series
East,Team | Roster,Wins,Losses,Ties,WP,GB,2018,Payroll
East,Boston Red Sox,108,54,0,.667,--,2018,"$206,247,686"
East,New York Yankees,100,62,0,.617,8.0,2018,"$161,305,917"
East,Tampa Bay Rays,90,72,0,.556,18.0,2018,"$69,605,999"
East,Toronto Blue Jays,73,89,0,.451,35.0,2018,"$164,122,200"
East,Baltimore Orioles,47,115,0,.290,61.0,2018,"$148,160,873"
Central,Team | Roster,Wins,Losses,Ties,WP,GB,2018,Payroll
Central,Cleveland Indians,91,71,0,.562,--,2018,"$136,652,167"
Central,Minnesota Twins,78,84,0,.481,13.0,2018,"$129,560,000"
Central,Detroit Tigers,64,98,0,.395,27.0,2018,"$111,286,000"
Central,Chicago White Sox,62,100,0,.383,29.0,2018,"$86,050,333"
Central,Kansas City Royals,58,104,0,.358,33.0,2018,"$115,483,116"
West,Team | Roster,Wins,Losses,Ties,WP,GB,2018,Payroll
West,Houston Astros,103,59,0,.636,--,2018,"$172,038,900"
West,Oakland Athletics,97,65,0,.599,6.0,2018,"$62,652,500"
West,Seattle Mariners,89,73,0,.549,14.0,2018,"$165,303,943"
West,Los Angeles Angels,80,82,0,.494,23.0,2018,"$171,248,332"
West,Texas Rangers,67,95,0,.414,36.0,2018,"$128,821,249"
A.L.,Team | Roster,Wins,Losses,Ties,WP,GB,2018,Payroll
2018 American League Final Standings,2018 American League Final Standings,2018 American League Final Standings,2018 American League Final Standings,2018 American League Final Standings,2018 American League Final Standings,2018 American League Final Standings,2018,2018 American League Final Standings
2019 American League Team Standings,2019 American League Team Standings,2019 American League Team Standings,2019 American League Team Standings,2019 American League Team Standings,2019 American League Team Standings,2019 American League Team Standings,2019,2019 American League Team Standings
East,Team [Click for roster],Wins,Losses,Ties,WP,GB,2019,Payroll
East,New York Yankees,103,59,0,.636,--,2019,"$208,084,848"
East,Tampa Bay Rays,96,66,0,.593,7.0,2019,"$60,444,931"
East,Boston Red Sox,84,78,0,.519,19.0,2019,"$222,171,123"
East,Toronto Blue Jays,67,95,0,.414,36.0,2019,"$112,037,006"
East,Baltimore Orioles,54,108,0,.333,49.0,2019,"$72,722,906"
Central,Team [Click for roster],Wins,Losses,Ties,WP,GB,2019,Payroll
Central,Minnesota Twins,101,61,0,.623,--,2019,"$121,276,933"
Central,Cleveland Indians,93,69,0,.574,8.0,2019,"$119,241,701"
Central,Chicago White Sox,72,89,0,.447,28.5,2019,"$89,354,534"
Central,Kansas City Royals,59,103,0,.364,42.0,2019,"$100,658,316"
Central,Detroit Tigers,47,114,0,.292,53.5,2019,"$116,478,400"
West,Team [Click for roster],Wins,Losses,Ties,WP,GB,2019,Payroll
West,Houston Astros,107,55,0,.660,--,2019,"$160,774,666"
West,Oakland Athletics,97,65,0,.599,10.0,2019,"$92,318,333"
West,Texas Rangers,78,84,0,.481,29.0,2019,"$127,660,652"
West,Los Angeles Angels,72,90,0,.444,35.0,2019,"$159,378,583"
West,Seattle Mariners,68,94,0,.420,39.0,2019,"$150,906,143"
2019 American League Standings,2019 American League Standings,2019 American League Standings,2019 American League Standings,2019 American League Standings,2019 American League Standings,2019 American League Standings,2019,2019 American League Standings
Seasonal Events: All-Star Game | Home Run Derby | World Series Navigation: Year in Review Menu | Previous Season | Next Season Miscellaneous: N.L. Leaderboard | Rookies List,Seasonal Events: All-Star Game | Home Run Derby | World Series Navigation: Year in Review Menu | Previous Season | Next Season Miscellaneous: N.L. Leaderboard | Rookies List,Seasonal Events: All-Star Game | Home Run Derby | World Series Navigation: Year in Review Menu | Previous Season | Next Season Miscellaneous: N.L. Leaderboard | Rookies List,Seasonal Events: All-Star Game | Home Run Derby | World Series Navigation: Year in Review Menu | Previous Season | Next Season Miscellaneous: N.L. Leaderboard | Rookies List,Seasonal Events: All-Star Game | Home Run Derby | World Series Navigation: Year in Review Menu | Previous Season | Next Season Miscellaneous: N.L. Leaderboard | Rookies List,Seasonal Events: All-Star Game | Home Run Derby | World Series Navigation: Year in Review Menu | Previous Season | Next Season Miscellaneous: N.L. Leaderboard | Rookies List,Seasonal Events: All-Star Game | Home Run Derby | World Series Navigation: Year in Review Menu | Previous Season | Next Season Miscellaneous: N.L. Leaderboard | Rookies List,2019,Seasonal Events: All-Star Game | Home Run Derby | World Series Navigation: Year in Review Menu | Previous Season | Next Season Miscellaneous: N.L. Leaderboard | Rookies List
2020 American League Team Standings 2020 All-Star Game | 2020 Team Standings | 2020 World Series,2020 American League Team Standings 2020 All-Star Game | 2020 Team Standings | 2020 World Series,2020 American League Team Standings 2020 All-Star Game | 2020 Team Standings | 2020 World Series,2020 American League Team Standings 2020 All-Star Game | 2020 Team Standings | 2020 World Series,2020 American League Team Standings 2020 All-Star Game | 2020 Team Standings | 2020 World Series,2020 American League Team Standings 2020 All-Star Game | 2020 Team Standings | 2020 World Series,2020 American League Team Standings 2020 All-Star Game | 2020 Team Standings | 2020 World Series,2020,
East,Team | Roster,W,L,T,WP,GB,2020,
East,Tampa Bay Rays,40,20,0,.667,--,2020,
East,New York Yankees,33,27,0,.550,7.0,2020,
East,Toronto Blue Jays,32,28,0,.533,8.0,2020,
East,Baltimore Orioles,25,35,0,.417,15.0,2020,
East,Boston Red Sox,24,36,0,.400,16.0,2020,
Central,Team | Roster,W,L,T,WP,GB,2020,
Central,Minnesota Twins,36,24,0,.600,--,2020,
Central,Chicago White Sox,35,25,0,.583,1.0,2020,
Central,Cleveland Indians,35,25,0,.583,1.0,2020,
Central,Kansas City Royals,26,34,0,.433,10.0,2020,
Central,Detroit Tigers,23,35,0,.397,12.0,2020,
West,Team | Roster,W,L,T,WP,GB,2020,
West,Oakland Athletics,36,24,0,.600,--,2020,
West,Houston Astros,29,31,0,.483,7.0,2020,
West,Seattle Mariners,27,33,0,.450,9.0,2020,
West,Los Angeles Angels,26,34,0,.433,10.0,2020,
West,Texas Rangers,22,38,0,.367,14.0,2020,
A.L.,Team | Roster,W,L,T,WP,GB,2020,
2020 American League Standings,2020 American League Standings,2020 American League Standings,2020 American League Standings,2020 American League Standings,2020 American League Standings,2020 American League Standings,2020,
2021 American League Team Standings 2021 All-Star Game | 2021 Team Standings | 2021 World Series,2021 American League Team Standings 2021 All-Star Game | 2021 Team Standings | 2021 World Series,2021 American League Team Standings 2021 All-Star Game | 2021 Team Standings | 2021 World Series,2021 American League Team Standings 2021 All-Star Game | 2021 Team Standings | 2021 World Series,2021 American League Team Standings 2021 All-Star Game | 2021 Team Standings | 2021 World Series,2021 American League Team Standings 2021 All-Star Game | 2021 Team Standings | 2021 World Series,2021 American League Team Standings 2021 All-Star Game | 2021 Team Standings | 2021 World Series,2021,
East,Team | Roster,W,L,T,WP,GB,2021,
East,Tampa Bay Rays,100,62,0,.617,--,2021,
East,Boston Red Sox,92,70,0,.568,8.0,2021,
East,New York Yankees,92,70,0,.568,8.0,2021,
East,Toronto Blue Jays,91,71,0,.562,9.0,2021,
East,Baltimore Orioles,52,110,0,.321,48.0,2021,
Central,Team | Roster,W,L,T,WP,GB,2021,
Central,Chicago White Sox,93,69,0,.586,--,2021,
Central,Cleveland Indians,80,82,0,.494,13.0,2021,
Central,Detroit Tigers,77,85,0,.475,16.0,2021,
Central,Kansas City Royals,74,88,0,.457,19.0,2021,
Central,Minnesota Twins,73,89,0,.451,20.0,2021,
West,Team | Roster,W,L,T,WP,GB,2021,
West,Houston Astros,95,67,0,.586,--,2021,
West,Seattle Mariners,90,72,0,.556,5.0,2021,
West,Oakland Athletics,86,76,0,.531,9.0,2021,
West,Los Angeles Angels,77,85,0,.754,18.0,2021,
West,Texas Rangers,60,102,0,.370,35.0,2021,
A.L.,Team | Roster,W,L,T,WP,GB,2021,
2021 American League Standings,2021 American League Standings,2021 American League Standings,2021 American League Standings,2021 American League Standings,2021 American League Standings,2021 American League Standings,2021,
2022 American League Team Standings2022 All-Star Game | 2022 Team Standings | 2022 World Series,2022 American League Team Standings2022 All-Star Game | 2022 Team Standings | 2022 World Series,2022 American League Team Standings2022 All-Star Game | 2022 Team Standings | 2022 World Series,2022 American League Team Standings2022 All-Star Game | 2022 Team Standings | 2022 World Series,2022 American League Team Standings2022 All-Star Game | 2022 Team Standings | 2022 World Series,2022 American League Team Standings2022 All-Star Game | 2022 Team Standings | 2022 World Series,2022 American League Team Standings2022 All-Star Game | 2022 Team Standings | 2022 World Series,2022,
East,Team | Roster,W,L,T,WP,GB,2022,
East,New York Yankees,99,63,0,.611,-,2022,
East,Toronto Blue Jays,92,70,0,.568,7.0,2022,
East,Tampa Bay Rays,86,76,0,.531,13.0,2022,
East,Baltimore Orioles,83,79,0,.512,16.0,2022,
East,Boston Red Sox,78,84,0,.481,21.0,2022,
Central,Team | Roster,W,L,T,WP,GB,2022,
Central,Cleveland Guardians,92,70,0,.568,-,2022,
Central,Chicago White Sox,81,81,0,.500,11.0,2022,
Central,Minnesota Twins,78,84,0,.481,14.0,2022,
Central,Detroit Tigers,66,96,0,.407,26.0,2022,
Central,Kansas City Royals,65,97,0,.401,27.0,2022,
West,Team | Roster,W,L,T,WP,GB,2022,
West,Houston Astros,106,56,0,.654,-,2022,
West,Seattle Mariners,90,72,0,.556,16.0,2022,
West,Los Angeles Angels,73,89,0,.451,33.0,2022,
West,Texas Rangers,68,94,0,.420,38.0,2022,
West,Oakland Athletics,60,102,0,.370,46.0,2022,
A.L.,Team | Roster,W,L,T,WP,GB,2022,
2022 American League Standings,2022 American League Standings,2022 American League Standings,2022 American League Standings,2022 American League Standings,2022 American League Standings,2022 American League Standings,2022,
2023 American League Team Standings2023 All-Star Game | 2023 Team Standings | 2023 World Series,2023 American League Team Standings2023 All-Star Game | 2023 Team Standings | 2023 World Series,2023 American League Team Standings2023 All-Star Game | 2023 Team Standings | 2023 World Series,2023 American League Team Standings2023 All-Star Game | 2023 Team Standings | 2023 World Series,2023 American League Team Standings2023 All-Star Game | 2023 Team Standings | 2023 World Series,2023 American League Team Standings2023 All-Star Game | 2023 Team Standings | 2023 World Series,2023 American League Team Standings2023 All-Star Game | 2023 Team Standings | 2023 World Series,2023,
East,Team | Roster,W,L,T,WP,GB,2023,
East,Baltimore Orioles,101,61,0,.623,-,2023,
East,Tampa Bay Rays,99,63,0,.611,2.0,2023,
East,Toronto Blue Jays,89,73,0,.549,12.0,2023,
East,New York Yankees,82,80,0,.506,19.0,2023,
East,Boston Red Sox,78,84,0,.481,23.0,2023,
Central,Team | Roster,W,L,T,WP,GB,2023,
Central,Minnesota Twins,87,75,0,.537,-,2023,
Central,Detroit Tigers,78,84,0,.481,9.0,2023,
Central,Cleveland Guardians,76,86,0,.469,11.0,2023,
Central,Chicago White Sox,61,101,0,.377,26.0,2023,
Central,Kansas City Royals,56,106,0,.346,31.0,2023,
West,Team | Roster,W,L,T,WP,GB,2023,
West,Houston Astros,90,72,0,.556,-,2023,
West,Texas Rangers,90,72,0,.556,-,2023,
West,Seattle Mariners,88,74,0,.543,2.0,2023,
West,Los Angeles Angels,73,89,0,.451,17.0,2023,
West,Oakland Athletics,50,112,0,.309,40.0,2023,
A.L.,Team | Roster,W,L,T,WP,GB,2023,
2023 American League Standings,2023 American League Standings,2023 American League Standings,2023 American League Standings,2023 American League Standings,2023 American League Standings,2023 American League Standings,2023,
